{"pages":["Monoton.png"],"chars":[{"id":87,"index":61,"char":"W","width":51,"height":38,"xoffset":-1,"yoffset":17,"xadvance":49,"chnl":15,"x":0,"y":0,"page":0},{"id":109,"index":83,"char":"m","width":50,"height":35,"xoffset":0,"yoffset":20,"xadvance":49,"chnl":15,"x":52,"y":0,"page":0},{"id":119,"index":93,"char":"w","width":48,"height":34,"xoffset":0,"yoffset":21,"xadvance":47,"chnl":15,"x":103,"y":0,"page":0},{"id":81,"index":55,"char":"Q","width":41,"height":44,"xoffset":-1,"yoffset":16,"xadvance":39,"chnl":15,"x":152,"y":0,"page":0},{"id":65,"index":39,"char":"A","width":42,"height":38,"xoffset":-1,"yoffset":17,"xadvance":39,"chnl":15,"x":103,"y":35,"page":0},{"id":86,"index":60,"char":"V","width":42,"height":38,"xoffset":-1,"yoffset":17,"xadvance":40,"chnl":15,"x":52,"y":36,"page":0},{"id":67,"index":41,"char":"C","width":38,"height":41,"xoffset":-1,"yoffset":16,"xadvance":36,"chnl":15,"x":0,"y":39,"page":0},{"id":71,"index":45,"char":"G","width":39,"height":41,"xoffset":-1,"yoffset":16,"xadvance":38,"chnl":15,"x":194,"y":0,"page":0},{"id":79,"index":53,"char":"O","width":41,"height":41,"xoffset":-1,"yoffset":16,"xadvance":39,"chnl":15,"x":234,"y":0,"page":0},{"id":83,"index":57,"char":"S","width":31,"height":41,"xoffset":-1,"yoffset":16,"xadvance":29,"chnl":15,"x":276,"y":0,"page":0},{"id":48,"index":22,"char":"0","width":37,"height":41,"xoffset":-1,"yoffset":16,"xadvance":35,"chnl":15,"x":308,"y":0,"page":0},{"id":51,"index":25,"char":"3","width":27,"height":41,"xoffset":-1,"yoffset":16,"xadvance":26,"chnl":15,"x":346,"y":0,"page":0},{"id":54,"index":28,"char":"6","width":34,"height":41,"xoffset":-1,"yoffset":16,"xadvance":33,"chnl":15,"x":374,"y":0,"page":0},{"id":56,"index":30,"char":"8","width":35,"height":41,"xoffset":-1,"yoffset":16,"xadvance":34,"chnl":15,"x":409,"y":0,"page":0},{"id":57,"index":31,"char":"9","width":34,"height":41,"xoffset":-1,"yoffset":16,"xadvance":33,"chnl":15,"x":445,"y":0,"page":0},{"id":88,"index":62,"char":"X","width":40,"height":38,"xoffset":-1,"yoffset":17,"xadvance":37,"chnl":15,"x":480,"y":0,"page":0},{"id":74,"index":48,"char":"J","width":19,"height":39,"xoffset":-1,"yoffset":17,"xadvance":18,"chnl":15,"x":521,"y":0,"page":0},{"id":77,"index":51,"char":"M","width":39,"height":38,"xoffset":0,"yoffset":17,"xadvance":39,"chnl":15,"x":480,"y":39,"page":0},{"id":85,"index":59,"char":"U","width":38,"height":39,"xoffset":0,"yoffset":17,"xadvance":38,"chnl":15,"x":194,"y":42,"page":0},{"id":50,"index":24,"char":"2","width":26,"height":39,"xoffset":-1,"yoffset":16,"xadvance":24,"chnl":15,"x":146,"y":45,"page":0},{"id":53,"index":27,"char":"5","width":31,"height":39,"xoffset":-1,"yoffset":17,"xadvance":29,"chnl":15,"x":95,"y":74,"page":0},{"id":106,"index":80,"char":"j","width":18,"height":38,"xoffset":-1,"yoffset":21,"xadvance":17,"chnl":15,"x":127,"y":74,"page":0},{"id":113,"index":87,"char":"q","width":34,"height":38,"xoffset":-1,"yoffset":21,"xadvance":33,"chnl":15,"x":39,"y":75,"page":0},{"id":118,"index":92,"char":"v","width":38,"height":34,"xoffset":-1,"yoffset":21,"xadvance":36,"chnl":15,"x":0,"y":81,"page":0},{"id":66,"index":40,"char":"B","width":37,"height":38,"xoffset":0,"yoffset":17,"xadvance":36,"chnl":15,"x":233,"y":42,"page":0},{"id":68,"index":42,"char":"D","width":38,"height":38,"xoffset":0,"yoffset":17,"xadvance":37,"chnl":15,"x":271,"y":42,"page":0},{"id":69,"index":43,"char":"E","width":30,"height":38,"xoffset":0,"yoffset":17,"xadvance":30,"chnl":15,"x":310,"y":42,"page":0},{"id":70,"index":44,"char":"F","width":29,"height":38,"xoffset":0,"yoffset":17,"xadvance":29,"chnl":15,"x":341,"y":42,"page":0},{"id":72,"index":46,"char":"H","width":38,"height":38,"xoffset":0,"yoffset":17,"xadvance":38,"chnl":15,"x":371,"y":42,"page":0},{"id":73,"index":47,"char":"I","width":14,"height":38,"xoffset":0,"yoffset":17,"xadvance":14,"chnl":15,"x":173,"y":45,"page":0},{"id":75,"index":49,"char":"K","width":35,"height":38,"xoffset":0,"yoffset":17,"xadvance":34,"chnl":15,"x":410,"y":42,"page":0},{"id":76,"index":50,"char":"L","width":26,"height":38,"xoffset":0,"yoffset":17,"xadvance":25,"chnl":15,"x":446,"y":42,"page":0},{"id":78,"index":52,"char":"N","width":37,"height":38,"xoffset":0,"yoffset":17,"xadvance":37,"chnl":15,"x":541,"y":0,"page":0},{"id":80,"index":54,"char":"P","width":36,"height":38,"xoffset":0,"yoffset":17,"xadvance":36,"chnl":15,"x":579,"y":0,"page":0},{"id":82,"index":56,"char":"R","width":36,"height":38,"xoffset":0,"yoffset":17,"xadvance":35,"chnl":15,"x":616,"y":0,"page":0},{"id":84,"index":58,"char":"T","width":26,"height":38,"xoffset":-1,"yoffset":17,"xadvance":25,"chnl":15,"x":653,"y":0,"page":0},{"id":89,"index":63,"char":"Y","width":36,"height":38,"xoffset":-1,"yoffset":17,"xadvance":33,"chnl":15,"x":680,"y":0,"page":0},{"id":90,"index":64,"char":"Z","width":37,"height":38,"xoffset":0,"yoffset":17,"xadvance":36,"chnl":15,"x":717,"y":0,"page":0},{"id":49,"index":23,"char":"1","width":19,"height":38,"xoffset":-1,"yoffset":17,"xadvance":18,"chnl":15,"x":74,"y":75,"page":0},{"id":52,"index":26,"char":"4","width":28,"height":38,"xoffset":-1,"yoffset":17,"xadvance":26,"chnl":15,"x":755,"y":0,"page":0},{"id":55,"index":29,"char":"7","width":28,"height":38,"xoffset":-1,"yoffset":17,"xadvance":27,"chnl":15,"x":784,"y":0,"page":0},{"id":97,"index":71,"char":"a","width":36,"height":35,"xoffset":-1,"yoffset":21,"xadvance":35,"chnl":15,"x":813,"y":0,"page":0},{"id":99,"index":73,"char":"c","width":33,"height":36,"xoffset":-1,"yoffset":20,"xadvance":31,"chnl":15,"x":850,"y":0,"page":0},{"id":100,"index":74,"char":"d","width":36,"height":34,"xoffset":0,"yoffset":21,"xadvance":35,"chnl":15,"x":813,"y":36,"page":0},{"id":103,"index":77,"char":"g","width":36,"height":36,"xoffset":-1,"yoffset":20,"xadvance":35,"chnl":15,"x":884,"y":0,"page":0},{"id":111,"index":85,"char":"o","width":36,"height":36,"xoffset":-1,"yoffset":20,"xadvance":35,"chnl":15,"x":921,"y":0,"page":0},{"id":114,"index":88,"char":"r","width":36,"height":34,"xoffset":0,"yoffset":21,"xadvance":35,"chnl":15,"x":958,"y":0,"page":0},{"id":120,"index":94,"char":"x","width":36,"height":34,"xoffset":-1,"yoffset":21,"xadvance":33,"chnl":15,"x":958,"y":35,"page":0},{"id":104,"index":78,"char":"h","width":35,"height":34,"xoffset":0,"yoffset":21,"xadvance":35,"chnl":15,"x":850,"y":37,"page":0},{"id":107,"index":81,"char":"k","width":35,"height":34,"xoffset":0,"yoffset":21,"xadvance":34,"chnl":15,"x":886,"y":37,"page":0},{"id":115,"index":89,"char":"s","width":31,"height":35,"xoffset":-1,"yoffset":21,"xadvance":29,"chnl":15,"x":922,"y":37,"page":0},{"id":117,"index":91,"char":"u","width":34,"height":35,"xoffset":0,"yoffset":21,"xadvance":33,"chnl":15,"x":954,"y":70,"page":0},{"id":98,"index":72,"char":"b","width":31,"height":34,"xoffset":0,"yoffset":21,"xadvance":30,"chnl":15,"x":989,"y":70,"page":0},{"id":101,"index":75,"char":"e","width":28,"height":34,"xoffset":0,"yoffset":21,"xadvance":28,"chnl":15,"x":995,"y":0,"page":0},{"id":102,"index":76,"char":"f","width":27,"height":34,"xoffset":0,"yoffset":21,"xadvance":26,"chnl":15,"x":995,"y":35,"page":0},{"id":105,"index":79,"char":"i","width":14,"height":34,"xoffset":0,"yoffset":21,"xadvance":14,"chnl":15,"x":989,"y":105,"page":0},{"id":108,"index":82,"char":"l","width":25,"height":34,"xoffset":0,"yoffset":21,"xadvance":24,"chnl":15,"x":541,"y":39,"page":0},{"id":110,"index":84,"char":"n","width":33,"height":34,"xoffset":0,"yoffset":21,"xadvance":33,"chnl":15,"x":567,"y":39,"page":0},{"id":112,"index":86,"char":"p","width":34,"height":34,"xoffset":0,"yoffset":21,"xadvance":33,"chnl":15,"x":601,"y":39,"page":0},{"id":116,"index":90,"char":"t","width":26,"height":34,"xoffset":-1,"yoffset":21,"xadvance":25,"chnl":15,"x":636,"y":39,"page":0},{"id":121,"index":95,"char":"y","width":34,"height":34,"xoffset":-1,"yoffset":21,"xadvance":31,"chnl":15,"x":663,"y":39,"page":0},{"id":122,"index":96,"char":"z","width":31,"height":34,"xoffset":-1,"yoffset":21,"xadvance":30,"chnl":15,"x":698,"y":39,"page":0}],"info":{"face":"Monoton","size":42,"bold":0,"italic":0,"charset":["a","b","c","d","e","f","g","h","i","j","k","l","m","n","o","p","q","r","s","t","u","v","w","x","y","z","A","B","C","D","E","F","G","H","I","J","K","L","M","N","O","P","Q","R","S","T","U","V","W","X","Y","Z","0","1","2","3","4","5","6","7","8","9"],"unicode":1,"stretchH":100,"smooth":1,"aa":1,"padding":[2,2,2,2],"spacing":[0,0]},"common":{"lineHeight":65,"base":51,"scaleW":1024,"scaleH":1024,"pages":1,"packed":0,"alphaChnl":0,"redChnl":0,"greenChnl":0,"blueChnl":0},"distanceField":{"fieldType":"msdf","distanceRange":4},"kernings":[{"first":111,"second":97,"amount":3},{"first":111,"second":99,"amount":3},{"first":111,"second":103,"amount":3},{"first":111,"second":111,"amount":3},{"first":111,"second":118,"amount":-2},{"first":111,"second":65,"amount":-3},{"first":111,"second":67,"amount":3},{"first":111,"second":71,"amount":3},{"first":111,"second":79,"amount":3},{"first":111,"second":81,"amount":3},{"first":111,"second":86,"amount":-3},{"first":111,"second":87,"amount":-3},{"first":118,"second":97,"amount":-2},{"first":118,"second":111,"amount":-2},{"first":118,"second":118,"amount":-2},{"first":118,"second":65,"amount":-2},{"first":118,"second":67,"amount":-2},{"first":118,"second":71,"amount":-2},{"first":118,"second":79,"amount":-2},{"first":118,"second":81,"amount":-2},{"first":118,"second":86,"amount":-2},{"first":118,"second":87,"amount":-2},{"first":65,"second":97,"amount":-2},{"first":65,"second":111,"amount":-2},{"first":65,"second":118,"amount":-2},{"first":65,"second":65,"amount":-2},{"first":65,"second":67,"amount":-2},{"first":65,"second":71,"amount":-2},{"first":65,"second":79,"amount":-2},{"first":65,"second":81,"amount":-2},{"first":65,"second":86,"amount":-2},{"first":65,"second":87,"amount":-2},{"first":68,"second":118,"amount":-1},{"first":68,"second":65,"amount":-2},{"first":68,"second":86,"amount":-2},{"first":68,"second":87,"amount":-2},{"first":79,"second":118,"amount":-1},{"first":79,"second":65,"amount":-2},{"first":79,"second":86,"amount":-2},{"first":79,"second":87,"amount":-2},{"first":81,"second":118,"amount":-1},{"first":81,"second":65,"amount":-2},{"first":81,"second":86,"amount":-2},{"first":81,"second":87,"amount":-2},{"first":82,"second":79,"amount":-5},{"first":82,"second":84,"amount":-3},{"first":82,"second":85,"amount":-5},{"first":86,"second":97,"amount":-2},{"first":86,"second":111,"amount":-2},{"first":86,"second":118,"amount":-2},{"first":86,"second":65,"amount":-2},{"first":86,"second":67,"amount":-2},{"first":86,"second":71,"amount":-2},{"first":86,"second":79,"amount":-2},{"first":86,"second":81,"amount":-2},{"first":86,"second":86,"amount":-2},{"first":86,"second":87,"amount":-2},{"first":87,"second":97,"amount":-2},{"first":87,"second":111,"amount":-2},{"first":87,"second":118,"amount":-2},{"first":87,"second":65,"amount":-2},{"first":87,"second":67,"amount":-2},{"first":87,"second":71,"amount":-2},{"first":87,"second":79,"amount":-2},{"first":87,"second":81,"amount":-2},{"first":87,"second":86,"amount":-2},{"first":87,"second":87,"amount":-2}]}